zip,pws
02026,MWRA (Full Service)
02108,MWRA (Full Service)
02109,MWRA (Full Service)
02110,MWRA (Full Service)
02111,MWRA (Full Service)
02112,MWRA (Full Service)
02113,MWRA (Full Service)
02114,MWRA (Full Service)
02115,MWRA (Full Service)
02116,MWRA (Full Service)
02118,MWRA (Full Service)
02119,MWRA (Full Service)
02120,MWRA (Full Service)
02121,MWRA (Full Service)
02122,MWRA (Full Service)
02124,MWRA (Full Service)
02125,MWRA (Full Service)
02126,MWRA (Full Service)
02127,MWRA (Full Service)
02128,MWRA (Full Service)
02129,MWRA (Full Service)
02130,MWRA (Full Service)
02131,MWRA (Full Service)
02132,MWRA (Full Service)
02134,MWRA (Full Service)
02135,MWRA (Full Service)
02136,MWRA (Full Service)
02138,MWRA (Full Service)
02139,MWRA (Full Service)
02140,MWRA (Full Service)
02141,MWRA (Full Service)
02142,MWRA (Full Service)
02143,MWRA (Full Service)
02144,MWRA (Full Service)
02145,MWRA (Full Service)
02148,MWRA (Full Service)
02149,MWRA (Full Service)
02150,MWRA (Full Service)
02151,MWRA (Full Service)
02152,MWRA (Full Service)
02163,MWRA (Full Service)
02169,MWRA (Full Service)
02170,MWRA (Full Service)
02171,MWRA (Full Service)
02186,MWRA (Full Service)
02199,MWRA (Full Service)
02420,MWRA (Full Service)
02421,MWRA (Full Service)
02445,MWRA (Full Service)
02446,MWRA (Full Service)
02458,MWRA (Full Service)
02459,MWRA (Full Service)
02460,MWRA (Full Service)
02461,MWRA (Full Service)
02462,MWRA (Full Service)
02464,MWRA (Full Service)
02465,MWRA (Full Service)
02466,MWRA (Full Service)
02467,MWRA (Full Service)
02468,MWRA (Full Service)
02472,MWRA (Full Service)
02474,MWRA (Full Service)
02476,MWRA (Full Service)
02478,MWRA (Full Service)
10001,New York City (DEP)
10002,New York City (DEP)
10003,New York City (DEP)
10004,New York City (DEP)
10005,New York City (DEP)
10006,New York City (DEP)
10007,New York City (DEP)
10008,New York City (DEP)
10009,New York City (DEP)
10010,New York City (DEP)
10011,New York City (DEP)
10012,New York City (DEP)
10013,New York City (DEP)
10014,New York City (DEP)
10015,New York City (DEP)
10016,New York City (DEP)
10017,New York City (DEP)
10018,New York City (DEP)
10019,New York City (DEP)
10020,New York City (DEP)
10021,New York City (DEP)
10022,New York City (DEP)
10023,New York City (DEP)
10024,New York City (DEP)
10025,New York City (DEP)
10026,New York City (DEP)
10027,New York City (DEP)
10028,New York City (DEP)
10029,New York City (DEP)
10030,New York City (DEP)
10031,New York City (DEP)
10032,New York City (DEP)
10033,New York City (DEP)
10034,New York City (DEP)
10035,New York City (DEP)
10036,New York City (DEP)
10037,New York City (DEP)
10038,New York City (DEP)
10039,New York City (DEP)
10040,New York City (DEP)
10041,New York City (DEP)
10042,New York City (DEP)
10043,New York City (DEP)
10044,New York City (DEP)
10045,New York City (DEP)
10046,New York City (DEP)
10047,New York City (DEP)
10048,New York City (DEP)
10049,New York City (DEP)
10050,New York City (DEP)
10051,New York City (DEP)
10052,New York City (DEP)
10053,New York City (DEP)
10054,New York City (DEP)
10055,New York City (DEP)
10056,New York City (DEP)
10057,New York City (DEP)
10058,New York City (DEP)
10059,New York City (DEP)
10060,New York City (DEP)
10061,New York City (DEP)
10062,New York City (DEP)
10063,New York City (DEP)
10064,New York City (DEP)
10065,New York City (DEP)
10066,New York City (DEP)
10067,New York City (DEP)
10068,New York City (DEP)
10069,New York City (DEP)
10070,New York City (DEP)
10071,New York City (DEP)
10072,New York City (DEP)
10073,New York City (DEP)
10074,New York City (DEP)
10075,New York City (DEP)
10076,New York City (DEP)
10077,New York City (DEP)
10078,New York City (DEP)
10079,New York City (DEP)
10080,New York City (DEP)
10081,New York City (DEP)
10082,New York City (DEP)
10083,New York City (DEP)
10084,New York City (DEP)
10085,New York City (DEP)
10086,New York City (DEP)
10087,New York City (DEP)
10088,New York City (DEP)
10089,New York City (DEP)
10090,New York City (DEP)
10091,New York City (DEP)
10092,New York City (DEP)
10093,New York City (DEP)
10094,New York City (DEP)
10095,New York City (DEP)
10096,New York City (DEP)
10097,New York City (DEP)
10098,New York City (DEP)
10099,New York City (DEP)
10101,New York City (DEP)
10102,New York City (DEP)
10103,New York City (DEP)
10104,New York City (DEP)
10105,New York City (DEP)
10106,New York City (DEP)
10107,New York City (DEP)
10108,New York City (DEP)
10109,New York City (DEP)
10110,New York City (DEP)
10111,New York City (DEP)
10112,New York City (DEP)
10113,New York City (DEP)
10114,New York City (DEP)
10115,New York City (DEP)
10116,New York City (DEP)
10117,New York City (DEP)
10118,New York City (DEP)
10119,New York City (DEP)
10120,New York City (DEP)
10121,New York City (DEP)
10122,New York City (DEP)
10123,New York City (DEP)
10124,New York City (DEP)
10125,New York City (DEP)
10126,New York City (DEP)
10127,New York City (DEP)
10128,New York City (DEP)
10129,New York City (DEP)
10130,New York City (DEP)
10131,New York City (DEP)
10132,New York City (DEP)
10133,New York City (DEP)
10134,New York City (DEP)
10135,New York City (DEP)
10136,New York City (DEP)
10137,New York City (DEP)
10138,New York City (DEP)
10139,New York City (DEP)
10140,New York City (DEP)
10141,New York City (DEP)
10142,New York City (DEP)
10143,New York City (DEP)
10144,New York City (DEP)
10145,New York City (DEP)
10146,New York City (DEP)
10147,New York City (DEP)
10148,New York City (DEP)
10149,New York City (DEP)
10150,New York City (DEP)
10151,New York City (DEP)
10152,New York City (DEP)
10153,New York City (DEP)
10154,New York City (DEP)
10155,New York City (DEP)
10156,New York City (DEP)
10157,New York City (DEP)
10158,New York City (DEP)
10159,New York City (DEP)
10160,New York City (DEP)
10161,New York City (DEP)
10162,New York City (DEP)
10163,New York City (DEP)
10164,New York City (DEP)
10165,New York City (DEP)
10166,New York City (DEP)
10167,New York City (DEP)
10168,New York City (DEP)
10169,New York City (DEP)
10170,New York City (DEP)
10171,New York City (DEP)
10172,New York City (DEP)
10173,New York City (DEP)
10174,New York City (DEP)
10175,New York City (DEP)
10176,New York City (DEP)
10177,New York City (DEP)
10178,New York City (DEP)
10179,New York City (DEP)
10180,New York City (DEP)
10181,New York City (DEP)
10182,New York City (DEP)
10183,New York City (DEP)
10184,New York City (DEP)
10185,New York City (DEP)
10186,New York City (DEP)
10187,New York City (DEP)
10188,New York City (DEP)
10189,New York City (DEP)
10190,New York City (DEP)
10191,New York City (DEP)
10192,New York City (DEP)
10193,New York City (DEP)
10194,New York City (DEP)
10195,New York City (DEP)
10196,New York City (DEP)
10197,New York City (DEP)
10198,New York City (DEP)
10199,New York City (DEP)
10201,New York City (DEP)
10202,New York City (DEP)
10203,New York City (DEP)
10204,New York City (DEP)
10205,New York City (DEP)
10206,New York City (DEP)
10207,New York City (DEP)
10208,New York City (DEP)
10209,New York City (DEP)
10210,New York City (DEP)
10211,New York City (DEP)
10212,New York City (DEP)
10213,New York City (DEP)
10214,New York City (DEP)
10215,New York City (DEP)
10216,New York City (DEP)
10217,New York City (DEP)
10218,New York City (DEP)
10219,New York City (DEP)
10220,New York City (DEP)
10221,New York City (DEP)
10222,New York City (DEP)
10223,New York City (DEP)
10224,New York City (DEP)
10225,New York City (DEP)
10226,New York City (DEP)
10227,New York City (DEP)
10228,New York City (DEP)
10229,New York City (DEP)
10230,New York City (DEP)
10231,New York City (DEP)
10232,New York City (DEP)
10233,New York City (DEP)
10234,New York City (DEP)
10235,New York City (DEP)
10236,New York City (DEP)
10237,New York City (DEP)
10238,New York City (DEP)
10239,New York City (DEP)
10240,New York City (DEP)
10241,New York City (DEP)
10242,New York City (DEP)
10243,New York City (DEP)
10244,New York City (DEP)
10245,New York City (DEP)
10246,New York City (DEP)
10247,New York City (DEP)
10248,New York City (DEP)
10249,New York City (DEP)
10250,New York City (DEP)
10251,New York City (DEP)
10252,New York City (DEP)
10253,New York City (DEP)
10254,New York City (DEP)
10255,New York City (DEP)
10256,New York City (DEP)
10257,New York City (DEP)
10258,New York City (DEP)
10259,New York City (DEP)
10260,New York City (DEP)
10261,New York City (DEP)
10262,New York City (DEP)
10263,New York City (DEP)
10264,New York City (DEP)
10265,New York City (DEP)
10266,New York City (DEP)
10267,New York City (DEP)
10268,New York City (DEP)
10269,New York City (DEP)
10270,New York City (DEP)
10271,New York City (DEP)
10272,New York City (DEP)
10273,New York City (DEP)
10274,New York City (DEP)
10275,New York City (DEP)
10276,New York City (DEP)
10277,New York City (DEP)
10278,New York City (DEP)
10279,New York City (DEP)
10280,New York City (DEP)
10281,New York City (DEP)
10282,New York City (DEP)
10283,New York City (DEP)
10284,New York City (DEP)
10285,New York City (DEP)
10286,New York City (DEP)
10287,New York City (DEP)
10288,New York City (DEP)
10289,New York City (DEP)
10290,New York City (DEP)
10291,New York City (DEP)
10292,New York City (DEP)
10293,New York City (DEP)
10294,New York City (DEP)
10295,New York City (DEP)
10296,New York City (DEP)
10297,New York City (DEP)
10298,New York City (DEP)
10299,New York City (DEP)
10301,New York City (DEP)
10302,New York City (DEP)
10303,New York City (DEP)
10304,New York City (DEP)
10305,New York City (DEP)
10306,New York City (DEP)
10307,New York City (DEP)
10308,New York City (DEP)
10309,New York City (DEP)
10310,New York City (DEP)
10311,New York City (DEP)
10312,New York City (DEP)
10313,New York City (DEP)
10314,New York City (DEP)
10451,New York City (DEP)
10452,New York City (DEP)
10453,New York City (DEP)
10454,New York City (DEP)
10455,New York City (DEP)
10456,New York City (DEP)
10457,New York City (DEP)
10458,New York City (DEP)
10459,New York City (DEP)
10460,New York City (DEP)
10461,New York City (DEP)
10462,New York City (DEP)
10463,New York City (DEP)
10464,New York City (DEP)
10465,New York City (DEP)
10466,New York City (DEP)
10467,New York City (DEP)
10468,New York City (DEP)
10469,New York City (DEP)
10470,New York City (DEP)
10471,New York City (DEP)
10472,New York City (DEP)
10473,New York City (DEP)
10474,New York City (DEP)
10475,New York City (DEP)
11004,New York City (DEP)
11005,New York City (DEP)
11101,New York City (DEP)
11102,New York City (DEP)
11103,New York City (DEP)
11104,New York City (DEP)
11105,New York City (DEP)
11106,New York City (DEP)
11107,New York City (DEP)
11108,New York City (DEP)
11109,New York City (DEP)
11201,New York City (DEP)
11202,New York City (DEP)
11203,New York City (DEP)
11204,New York City (DEP)
11205,New York City (DEP)
11206,New York City (DEP)
11207,New York City (DEP)
11208,New York City (DEP)
11209,New York City (DEP)
11210,New York City (DEP)
11211,New York City (DEP)
11212,New York City (DEP)
11213,New York City (DEP)
11214,New York City (DEP)
11215,New York City (DEP)
11216,New York City (DEP)
11217,New York City (DEP)
11218,New York City (DEP)
11219,New York City (DEP)
11220,New York City (DEP)
11221,New York City (DEP)
11222,New York City (DEP)
11223,New York City (DEP)
11224,New York City (DEP)
11225,New York City (DEP)
11226,New York City (DEP)
11227,New York City (DEP)
11228,New York City (DEP)
11229,New York City (DEP)
11230,New York City (DEP)
11231,New York City (DEP)
11232,New York City (DEP)
11233,New York City (DEP)
11234,New York City (DEP)
11235,New York City (DEP)
11236,New York City (DEP)
11237,New York City (DEP)
11238,New York City (DEP)
11239,New York City (DEP)
11240,New York City (DEP)
11241,New York City (DEP)
11242,New York City (DEP)
11243,New York City (DEP)
11244,New York City (DEP)
11245,New York City (DEP)
11246,New York City (DEP)
11247,New York City (DEP)
11248,New York City (DEP)
11249,New York City (DEP)
11250,New York City (DEP)
11251,New York City (DEP)
11252,New York City (DEP)
11253,New York City (DEP)
11254,New York City (DEP)
11255,New York City (DEP)
11256,New York City (DEP)
11351,New York City (DEP)
11352,New York City (DEP)
11353,New York City (DEP)
11354,New York City (DEP)
11355,New York City (DEP)
11356,New York City (DEP)
11357,New York City (DEP)
11358,New York City (DEP)
11359,New York City (DEP)
11360,New York City (DEP)
11361,New York City (DEP)
11362,New York City (DEP)
11363,New York City (DEP)
11364,New York City (DEP)
11365,New York City (DEP)
11366,New York City (DEP)
11367,New York City (DEP)
11368,New York City (DEP)
11369,New York City (DEP)
11370,New York City (DEP)
11371,New York City (DEP)
11372,New York City (DEP)
11373,New York City (DEP)
11374,New York City (DEP)
11375,New York City (DEP)
11376,New York City (DEP)
11377,New York City (DEP)
11378,New York City (DEP)
11379,New York City (DEP)
11380,New York City (DEP)
11381,New York City (DEP)
11382,New York City (DEP)
11383,New York City (DEP)
11384,New York City (DEP)
11385,New York City (DEP)
11386,New York City (DEP)
11387,New York City (DEP)
11388,New York City (DEP)
11389,New York City (DEP)
11390,New York City (DEP)
11411,New York City (DEP)
11412,New York City (DEP)
11413,New York City (DEP)
11414,New York City (DEP)
11415,New York City (DEP)
11416,New York City (DEP)
11417,New York City (DEP)
11418,New York City (DEP)
11419,New York City (DEP)
11420,New York City (DEP)
11421,New York City (DEP)
11422,New York City (DEP)
11423,New York City (DEP)
11424,New York City (DEP)
11425,New York City (DEP)
11426,New York City (DEP)
11427,New York City (DEP)
11428,New York City (DEP)
11429,New York City (DEP)
11430,New York City (DEP)
11431,New York City (DEP)
11432,New York City (DEP)
11433,New York City (DEP)
11434,New York City (DEP)
11435,New York City (DEP)
11436,New York City (DEP)
11437,New York City (DEP)
11438,New York City (DEP)
11439,New York City (DEP)
11440,New York City (DEP)
11441,New York City (DEP)
11442,New York City (DEP)
11443,New York City (DEP)
11444,New York City (DEP)
11445,New York City (DEP)
11446,New York City (DEP)
11447,New York City (DEP)
11448,New York City (DEP)
11449,New York City (DEP)
11450,New York City (DEP)
11451,New York City (DEP)
11499,New York City (DEP)
11690,New York City (DEP)
11691,New York City (DEP)
11692,New York City (DEP)
11693,New York City (DEP)
11694,New York City (DEP)
11695,New York City (DEP)
11696,New York City (DEP)
11697,New York City (DEP)
19101,Philadelphia
19102,Philadelphia
19103,Philadelphia
19104,Philadelphia
19105,Philadelphia
19106,Philadelphia
19107,Philadelphia
19108,Philadelphia
19109,Philadelphia
19110,Philadelphia
19111,Philadelphia
19112,Philadelphia
19113,Philadelphia
19114,Philadelphia
19115,Philadelphia
19116,Philadelphia
19117,Philadelphia
19118,Philadelphia
19119,Philadelphia
19120,Philadelphia
19121,Philadelphia
19122,Philadelphia
19123,Philadelphia
19124,Philadelphia
19125,Philadelphia
19126,Philadelphia
19127,Philadelphia
19128,Philadelphia
19129,Philadelphia
19130,Philadelphia
19131,Philadelphia
19132,Philadelphia
19133,Philadelphia
19134,Philadelphia
19135,Philadelphia
19136,Philadelphia
19137,Philadelphia
19138,Philadelphia
19139,Philadelphia
19140,Philadelphia
19141,Philadelphia
19142,Philadelphia
19143,Philadelphia
19144,Philadelphia
19145,Philadelphia
19146,Philadelphia
19147,Philadelphia
19148,Philadelphia
19149,Philadelphia
19150,Philadelphia
19151,Philadelphia
19152,Philadelphia
19153,Philadelphia
19154,Philadelphia
19155,Philadelphia
20701,WSSC
20702,WSSC
20703,WSSC
20704,WSSC
20705,WSSC
20706,WSSC
20707,WSSC
20708,WSSC
20709,WSSC
20710,WSSC
20711,WSSC
20712,WSSC
20713,WSSC
20714,WSSC
20715,WSSC
20716,WSSC
20717,WSSC
20718,WSSC
20719,WSSC
20720,WSSC
20721,WSSC
20722,WSSC
20723,WSSC
20724,WSSC
20725,WSSC
20726,WSSC
20727,WSSC
20728,WSSC
20729,WSSC
20730,WSSC
20731,WSSC
20732,WSSC
20733,WSSC
20734,WSSC
20735,WSSC
20736,WSSC
20737,WSSC
20738,WSSC
20739,WSSC
20740,WSSC
20741,WSSC
20742,WSSC
20743,WSSC
20744,WSSC
20745,WSSC
20746,WSSC
20747,WSSC
20748,WSSC
20749,WSSC
20750,WSSC
20751,WSSC
20752,WSSC
20753,WSSC
20754,WSSC
20755,WSSC
20756,WSSC
20757,WSSC
20758,WSSC
20759,WSSC
20760,WSSC
20761,WSSC
20762,WSSC
20763,WSSC
20764,WSSC
20765,WSSC
20766,WSSC
20767,WSSC
20768,WSSC
20769,WSSC
20770,WSSC
20771,WSSC
20772,WSSC
20773,WSSC
20774,WSSC
20775,WSSC
20776,WSSC
20777,WSSC
20778,WSSC
20779,WSSC
20780,WSSC
20781,WSSC
20782,WSSC
20783,WSSC
20784,WSSC
20785,WSSC
20786,WSSC
20787,WSSC
20788,WSSC
20789,WSSC
20790,WSSC
20791,WSSC
20792,WSSC
20793,WSSC
20794,WSSC
20795,WSSC
20796,WSSC
20797,WSSC
20798,WSSC
20799,WSSC
20810,WSSC
20811,WSSC
20812,WSSC
20813,WSSC
20814,WSSC
20815,WSSC
20816,WSSC
20817,WSSC
20818,WSSC
20819,WSSC
20820,WSSC
20821,WSSC
20822,WSSC
20823,WSSC
20824,WSSC
20825,WSSC
20826,WSSC
20827,WSSC
20828,WSSC
20829,WSSC
20830,WSSC
20831,WSSC
20832,WSSC
20833,WSSC
20834,WSSC
20835,WSSC
20836,WSSC
20837,WSSC
20838,WSSC
20839,WSSC
20840,WSSC
20841,WSSC
20842,WSSC
20843,WSSC
20844,WSSC
20845,WSSC
20846,WSSC
20847,WSSC
20848,WSSC
20849,WSSC
20850,WSSC
20851,WSSC
20852,WSSC
20853,WSSC
20854,WSSC
20855,WSSC
20856,WSSC
20857,WSSC
20858,WSSC
20859,WSSC
20860,WSSC
20861,WSSC
20862,WSSC
20863,WSSC
20864,WSSC
20865,WSSC
20866,WSSC
20867,WSSC
20868,WSSC
20869,WSSC
20870,WSSC
20871,WSSC
20872,WSSC
20873,WSSC
20874,WSSC
20875,WSSC
20876,WSSC
20877,WSSC
20878,WSSC
20879,WSSC
20880,WSSC
20881,WSSC
20882,WSSC
20883,WSSC
20884,WSSC
20885,WSSC
20886,WSSC
20887,WSSC
20888,WSSC
20889,WSSC
20890,WSSC
20891,WSSC
20892,WSSC
20893,WSSC
20894,WSSC
20895,WSSC
20896,WSSC
20897,WSSC
20898,WSSC
20899,WSSC
21201,Baltimore City DPW
21202,Baltimore City DPW
21203,Baltimore City DPW
21204,Baltimore City DPW
21205,Baltimore City DPW
21206,Baltimore City DPW
21207,Baltimore City DPW
21208,Baltimore City DPW
21209,Baltimore City DPW
21210,Baltimore City DPW
21211,Baltimore City DPW
21212,Baltimore City DPW
21213,Baltimore City DPW
21214,Baltimore City DPW
21215,Baltimore City DPW
21216,Baltimore City DPW
21217,Baltimore City DPW
21218,Baltimore City DPW
21219,Baltimore City DPW
21220,Baltimore City DPW
21221,Baltimore City DPW
21222,Baltimore City DPW
21223,Baltimore City DPW
21224,Baltimore City DPW
21225,Baltimore City DPW
21226,Baltimore City DPW
21227,Baltimore City DPW
21228,Baltimore City DPW
21229,Baltimore City DPW
21230,Baltimore City DPW
21231,Baltimore City DPW
21232,Baltimore City DPW
21233,Baltimore City DPW
21234,Baltimore City DPW
21235,Baltimore City DPW
21236,Baltimore City DPW
21237,Baltimore City DPW
21238,Baltimore City DPW
21239,Baltimore City DPW
21240,Baltimore City DPW
21241,Baltimore City DPW
21242,Baltimore City DPW
21243,Baltimore City DPW
21244,Baltimore City DPW
21245,Baltimore City DPW
21246,Baltimore City DPW
21247,Baltimore City DPW
21248,Baltimore City DPW
21249,Baltimore City DPW
21250,Baltimore City DPW
21251,Baltimore City DPW
21252,Baltimore City DPW
21253,Baltimore City DPW
21254,Baltimore City DPW
21255,Baltimore City DPW
21256,Baltimore City DPW
21257,Baltimore City DPW
21258,Baltimore City DPW
21259,Baltimore City DPW
21260,Baltimore City DPW
21261,Baltimore City DPW
21262,Baltimore City DPW
21263,Baltimore City DPW
21264,Baltimore City DPW
21265,Baltimore City DPW
21266,Baltimore City DPW
21267,Baltimore City DPW
21268,Baltimore City DPW
21269,Baltimore City DPW
21270,Baltimore City DPW
21271,Baltimore City DPW
21272,Baltimore City DPW
21273,Baltimore City DPW
21274,Baltimore City DPW
21275,Baltimore City DPW
21276,Baltimore City DPW
21277,Baltimore City DPW
21278,Baltimore City DPW
21279,Baltimore City DPW
21280,Baltimore City DPW
21281,Baltimore City DPW
21282,Baltimore City DPW
21283,Baltimore City DPW
21284,Baltimore City DPW
21285,Baltimore City DPW
21286,Baltimore City DPW
21287,Baltimore City DPW
21288,Baltimore City DPW
21289,Baltimore City DPW
21290,Baltimore City DPW
21291,Baltimore City DPW
21292,Baltimore City DPW
21293,Baltimore City DPW
21294,Baltimore City DPW
21295,Baltimore City DPW
21296,Baltimore City DPW
21297,Baltimore City DPW
21298,Baltimore City DPW
21299,Baltimore City DPW
33101,Miami-Dade
33102,Miami-Dade
33103,Miami-Dade
33104,Miami-Dade
33105,Miami-Dade
33106,Miami-Dade
33107,Miami-Dade
33108,Miami-Dade
33109,Miami-Dade
33110,Miami-Dade
33111,Miami-Dade
33112,Miami-Dade
33113,Miami-Dade
33114,Miami-Dade
33115,Miami-Dade
33116,Miami-Dade
33117,Miami-Dade
33118,Miami-Dade
33119,Miami-Dade
33120,Miami-Dade
33121,Miami-Dade
33122,Miami-Dade
33123,Miami-Dade
33124,Miami-Dade
33125,Miami-Dade
33126,Miami-Dade
33127,Miami-Dade
33128,Miami-Dade
33129,Miami-Dade
33130,Miami-Dade
33131,Miami-Dade
33132,Miami-Dade
33133,Miami-Dade
33134,Miami-Dade
33135,Miami-Dade
33136,Miami-Dade
33137,Miami-Dade
33138,Miami-Dade
33139,Miami-Dade
33140,Miami-Dade
33141,Miami-Dade
33142,Miami-Dade
33143,Miami-Dade
33144,Miami-Dade
33145,Miami-Dade
33146,Miami-Dade
33147,Miami-Dade
33148,Miami-Dade
33149,Miami-Dade
33150,Miami-Dade
33151,Miami-Dade
33152,Miami-Dade
33153,Miami-Dade
33154,Miami-Dade
33155,Miami-Dade
33156,Miami-Dade
33157,Miami-Dade
33158,Miami-Dade
33159,Miami-Dade
33160,Miami-Dade
33161,Miami-Dade
33162,Miami-Dade
33163,Miami-Dade
33164,Miami-Dade
33165,Miami-Dade
33166,Miami-Dade
33167,Miami-Dade
33168,Miami-Dade
33169,Miami-Dade
33170,Miami-Dade
33171,Miami-Dade
33172,Miami-Dade
33173,Miami-Dade
33174,Miami-Dade
33175,Miami-Dade
33176,Miami-Dade
33177,Miami-Dade
33178,Miami-Dade
33179,Miami-Dade
33180,Miami-Dade
33181,Miami-Dade
33182,Miami-Dade
33183,Miami-Dade
33184,Miami-Dade
33185,Miami-Dade
33186,Miami-Dade
33187,Miami-Dade
33188,Miami-Dade
33189,Miami-Dade
33190,Miami-Dade
33191,Miami-Dade
33192,Miami-Dade
33193,Miami-Dade
33194,Miami-Dade
33195,Miami-Dade
33196,Miami-Dade
33197,Miami-Dade
33198,Miami-Dade
33199,Miami-Dade
60601,Chicago
60602,Chicago
60603,Chicago
60604,Chicago
60605,Chicago
60606,Chicago
60607,Chicago
60608,Chicago
60609,Chicago
60610,Chicago
60611,Chicago
60612,Chicago
60613,Chicago
60614,Chicago
60615,Chicago
60616,Chicago
60617,Chicago
60618,Chicago
60619,Chicago
60620,Chicago
60621,Chicago
60622,Chicago
60623,Chicago
60624,Chicago
60625,Chicago
60626,Chicago
60627,Chicago
60628,Chicago
60629,Chicago
60630,Chicago
60631,Chicago
60632,Chicago
60633,Chicago
60634,Chicago
60635,Chicago
60636,Chicago
60637,Chicago
60638,Chicago
60639,Chicago
60640,Chicago
60641,Chicago
60642,Chicago
60643,Chicago
60644,Chicago
60645,Chicago
60646,Chicago
60647,Chicago
60648,Chicago
60649,Chicago
60650,Chicago
60651,Chicago
60652,Chicago
60653,Chicago
60654,Chicago
60655,Chicago
60656,Chicago
60657,Chicago
60658,Chicago
60659,Chicago
60660,Chicago
60661,Chicago
75201,Dallas Water Utilities (DWU)
75202,Dallas Water Utilities (DWU)
75203,Dallas Water Utilities (DWU)
75204,Dallas Water Utilities (DWU)
75205,Dallas Water Utilities (DWU)
75206,Dallas Water Utilities (DWU)
75207,Dallas Water Utilities (DWU)
75208,Dallas Water Utilities (DWU)
75209,Dallas Water Utilities (DWU)
75210,Dallas Water Utilities (DWU)
75211,Dallas Water Utilities (DWU)
75212,Dallas Water Utilities (DWU)
75213,Dallas Water Utilities (DWU)
75214,Dallas Water Utilities (DWU)
75215,Dallas Water Utilities (DWU)
75216,Dallas Water Utilities (DWU)
75217,Dallas Water Utilities (DWU)
75218,Dallas Water Utilities (DWU)
75219,Dallas Water Utilities (DWU)
75220,Dallas Water Utilities (DWU)
75221,Dallas Water Utilities (DWU)
75222,Dallas Water Utilities (DWU)
75223,Dallas Water Utilities (DWU)
75224,Dallas Water Utilities (DWU)
75225,Dallas Water Utilities (DWU)
75226,Dallas Water Utilities (DWU)
75227,Dallas Water Utilities (DWU)
75228,Dallas Water Utilities (DWU)
75229,Dallas Water Utilities (DWU)
75230,Dallas Water Utilities (DWU)
75231,Dallas Water Utilities (DWU)
75232,Dallas Water Utilities (DWU)
75233,Dallas Water Utilities (DWU)
75234,Dallas Water Utilities (DWU)
75235,Dallas Water Utilities (DWU)
75236,Dallas Water Utilities (DWU)
75237,Dallas Water Utilities (DWU)
75238,Dallas Water Utilities (DWU)
75239,Dallas Water Utilities (DWU)
75240,Dallas Water Utilities (DWU)
75241,Dallas Water Utilities (DWU)
75242,Dallas Water Utilities (DWU)
75243,Dallas Water Utilities (DWU)
75244,Dallas Water Utilities (DWU)
75245,Dallas Water Utilities (DWU)
75246,Dallas Water Utilities (DWU)
75247,Dallas Water Utilities (DWU)
75248,Dallas Water Utilities (DWU)
75249,Dallas Water Utilities (DWU)
75250,Dallas Water Utilities (DWU)
75251,Dallas Water Utilities (DWU)
75252,Dallas Water Utilities (DWU)
75253,Dallas Water Utilities (DWU)
75254,Dallas Water Utilities (DWU)
75255,Dallas Water Utilities (DWU)
75256,Dallas Water Utilities (DWU)
75257,Dallas Water Utilities (DWU)
75258,Dallas Water Utilities (DWU)
75259,Dallas Water Utilities (DWU)
75260,Dallas Water Utilities (DWU)
75261,Dallas Water Utilities (DWU)
75262,Dallas Water Utilities (DWU)
75263,Dallas Water Utilities (DWU)
75264,Dallas Water Utilities (DWU)
75265,Dallas Water Utilities (DWU)
75266,Dallas Water Utilities (DWU)
75267,Dallas Water Utilities (DWU)
75268,Dallas Water Utilities (DWU)
75269,Dallas Water Utilities (DWU)
75270,Dallas Water Utilities (DWU)
75271,Dallas Water Utilities (DWU)
75272,Dallas Water Utilities (DWU)
75273,Dallas Water Utilities (DWU)
75274,Dallas Water Utilities (DWU)
75275,Dallas Water Utilities (DWU)
75276,Dallas Water Utilities (DWU)
75277,Dallas Water Utilities (DWU)
75278,Dallas Water Utilities (DWU)
75279,Dallas Water Utilities (DWU)
75280,Dallas Water Utilities (DWU)
75281,Dallas Water Utilities (DWU)
75282,Dallas Water Utilities (DWU)
75283,Dallas Water Utilities (DWU)
75284,Dallas Water Utilities (DWU)
75285,Dallas Water Utilities (DWU)
75286,Dallas Water Utilities (DWU)
75287,Dallas Water Utilities (DWU)
77001,Houston
77002,Houston
77003,Houston
77004,Houston
77005,Houston
77006,Houston
77007,Houston
77008,Houston
77009,Houston
77010,Houston
77011,Houston
77012,Houston
77013,Houston
77014,Houston
77015,Houston
77016,Houston
77017,Houston
77018,Houston
77019,Houston
77020,Houston
77021,Houston
77022,Houston
77023,Houston
77024,Houston
77025,Houston
77026,Houston
77027,Houston
77028,Houston
77029,Houston
77030,Houston
77031,Houston
77032,Houston
77033,Houston
77034,Houston
77035,Houston
77036,Houston
77037,Houston
77038,Houston
77039,Houston
77040,Houston
77041,Houston
77042,Houston
77043,Houston
77044,Houston
77045,Houston
77046,Houston
77047,Houston
77048,Houston
77049,Houston
77050,Houston
77051,Houston
77052,Houston
77053,Houston
77054,Houston
77055,Houston
77056,Houston
77057,Houston
77058,Houston
77059,Houston
77060,Houston
77061,Houston
77062,Houston
77063,Houston
77064,Houston
77065,Houston
77066,Houston
77067,Houston
77068,Houston
77069,Houston
77070,Houston
77071,Houston
77072,Houston
77073,Houston
77074,Houston
77075,Houston
77076,Houston
77077,Houston
77078,Houston
77079,Houston
77080,Houston
77081,Houston
77082,Houston
77083,Houston
77084,Houston
77085,Houston
77086,Houston
77087,Houston
77088,Houston
77089,Houston
77090,Houston
77091,Houston
77092,Houston
77093,Houston
77094,Houston
77095,Houston
77096,Houston
77097,Houston
77098,Houston
77099,Houston
78201,San Antonio (SAWS)
78202,San Antonio (SAWS)
78203,San Antonio (SAWS)
78204,San Antonio (SAWS)
78205,San Antonio (SAWS)
78206,San Antonio (SAWS)
78207,San Antonio (SAWS)
78208,San Antonio (SAWS)
78209,San Antonio (SAWS)
78210,San Antonio (SAWS)
78211,San Antonio (SAWS)
78212,San Antonio (SAWS)
78213,San Antonio (SAWS)
78214,San Antonio (SAWS)
78215,San Antonio (SAWS)
78216,San Antonio (SAWS)
78217,San Antonio (SAWS)
78218,San Antonio (SAWS)
78219,San Antonio (SAWS)
78220,San Antonio (SAWS)
78221,San Antonio (SAWS)
78222,San Antonio (SAWS)
78223,San Antonio (SAWS)
78224,San Antonio (SAWS)
78225,San Antonio (SAWS)
78226,San Antonio (SAWS)
78227,San Antonio (SAWS)
78228,San Antonio (SAWS)
78229,San Antonio (SAWS)
78230,San Antonio (SAWS)
78231,San Antonio (SAWS)
78232,San Antonio (SAWS)
78233,San Antonio (SAWS)
78234,San Antonio (SAWS)
78235,San Antonio (SAWS)
78236,San Antonio (SAWS)
78237,San Antonio (SAWS)
78238,San Antonio (SAWS)
78239,San Antonio (SAWS)
78240,San Antonio (SAWS)
78241,San Antonio (SAWS)
78242,San Antonio (SAWS)
78243,San Antonio (SAWS)
78244,San Antonio (SAWS)
78245,San Antonio (SAWS)
78246,San Antonio (SAWS)
78247,San Antonio (SAWS)
78248,San Antonio (SAWS)
78249,San Antonio (SAWS)
78250,San Antonio (SAWS)
78251,San Antonio (SAWS)
78252,San Antonio (SAWS)
78253,San Antonio (SAWS)
78254,San Antonio (SAWS)
78255,San Antonio (SAWS)
78256,San Antonio (SAWS)
78257,San Antonio (SAWS)
78258,San Antonio (SAWS)
78259,San Antonio (SAWS)
78260,San Antonio (SAWS)
78261,San Antonio (SAWS)
78262,San Antonio (SAWS)
78263,San Antonio (SAWS)
78264,San Antonio (SAWS)
78265,San Antonio (SAWS)
78266,San Antonio (SAWS)
78267,San Antonio (SAWS)
78268,San Antonio (SAWS)
78269,San Antonio (SAWS)
78270,San Antonio (SAWS)
78271,San Antonio (SAWS)
78272,San Antonio (SAWS)
78273,San Antonio (SAWS)
78274,San Antonio (SAWS)
78275,San Antonio (SAWS)
78276,San Antonio (SAWS)
78277,San Antonio (SAWS)
78278,San Antonio (SAWS)
78279,San Antonio (SAWS)
78280,San Antonio (SAWS)
78281,San Antonio (SAWS)
78282,San Antonio (SAWS)
78283,San Antonio (SAWS)
78284,San Antonio (SAWS)
78285,San Antonio (SAWS)
78286,San Antonio (SAWS)
78287,San Antonio (SAWS)
78288,San Antonio (SAWS)
78289,San Antonio (SAWS)
78290,San Antonio (SAWS)
78291,San Antonio (SAWS)
78292,San Antonio (SAWS)
78293,San Antonio (SAWS)
78294,San Antonio (SAWS)
78295,San Antonio (SAWS)
78296,San Antonio (SAWS)
78297,San Antonio (SAWS)
78298,San Antonio (SAWS)
78299,San Antonio (SAWS)
85001,Phoenix
85002,Phoenix
85003,Phoenix
85004,Phoenix
85005,Phoenix
85006,Phoenix
85007,Phoenix
85008,Phoenix
85009,Phoenix
85010,Phoenix
85011,Phoenix
85012,Phoenix
85013,Phoenix
85014,Phoenix
85015,Phoenix
85016,Phoenix
85017,Phoenix
85018,Phoenix
85019,Phoenix
85020,Phoenix
85021,Phoenix
85022,Phoenix
85023,Phoenix
85024,Phoenix
85025,Phoenix
85026,Phoenix
85027,Phoenix
85028,Phoenix
85029,Phoenix
85030,Phoenix
85031,Phoenix
85032,Phoenix
85033,Phoenix
85034,Phoenix
85035,Phoenix
85036,Phoenix
85037,Phoenix
85038,Phoenix
85039,Phoenix
85040,Phoenix
85041,Phoenix
85042,Phoenix
85043,Phoenix
85044,Phoenix
85045,Phoenix
85046,Phoenix
85047,Phoenix
85048,Phoenix
85049,Phoenix
85050,Phoenix
85051,Phoenix
85052,Phoenix
85053,Phoenix
85054,Phoenix
85055,Phoenix
85056,Phoenix
85057,Phoenix
85058,Phoenix
85059,Phoenix
85060,Phoenix
85061,Phoenix
85062,Phoenix
85063,Phoenix
85064,Phoenix
85065,Phoenix
85066,Phoenix
85067,Phoenix
85068,Phoenix
85069,Phoenix
85070,Phoenix
85071,Phoenix
85072,Phoenix
85073,Phoenix
85074,Phoenix
85075,Phoenix
85076,Phoenix
85077,Phoenix
85078,Phoenix
85079,Phoenix
85080,Phoenix
85081,Phoenix
85082,Phoenix
85083,Phoenix
85084,Phoenix
85085,Phoenix
85086,Phoenix
89101,Las Vegas Valley Water District (LVVWD)
89102,Las Vegas Valley Water District (LVVWD)
89103,Las Vegas Valley Water District (LVVWD)
89104,Las Vegas Valley Water District (LVVWD)
89105,Las Vegas Valley Water District (LVVWD)
89106,Las Vegas Valley Water District (LVVWD)
89107,Las Vegas Valley Water District (LVVWD)
89108,Las Vegas Valley Water District (LVVWD)
89109,Las Vegas Valley Water District (LVVWD)
89110,Las Vegas Valley Water District (LVVWD)
89111,Las Vegas Valley Water District (LVVWD)
89112,Las Vegas Valley Water District (LVVWD)
89113,Las Vegas Valley Water District (LVVWD)
89114,Las Vegas Valley Water District (LVVWD)
89115,Las Vegas Valley Water District (LVVWD)
89116,Las Vegas Valley Water District (LVVWD)
89117,Las Vegas Valley Water District (LVVWD)
89118,Las Vegas Valley Water District (LVVWD)
89119,Las Vegas Valley Water District (LVVWD)
89120,Las Vegas Valley Water District (LVVWD)
89121,Las Vegas Valley Water District (LVVWD)
89122,Las Vegas Valley Water District (LVVWD)
89123,Las Vegas Valley Water District (LVVWD)
89124,Las Vegas Valley Water District (LVVWD)
89125,Las Vegas Valley Water District (LVVWD)
89126,Las Vegas Valley Water District (LVVWD)
89127,Las Vegas Valley Water District (LVVWD)
89128,Las Vegas Valley Water District (LVVWD)
89129,Las Vegas Valley Water District (LVVWD)
89130,Las Vegas Valley Water District (LVVWD)
89131,Las Vegas Valley Water District (LVVWD)
89132,Las Vegas Valley Water District (LVVWD)
89133,Las Vegas Valley Water District (LVVWD)
89134,Las Vegas Valley Water District (LVVWD)
89135,Las Vegas Valley Water District (LVVWD)
89136,Las Vegas Valley Water District (LVVWD)
89137,Las Vegas Valley Water District (LVVWD)
89138,Las Vegas Valley Water District (LVVWD)
89139,Las Vegas Valley Water District (LVVWD)
89140,Las Vegas Valley Water District (LVVWD)
89141,Las Vegas Valley Water District (LVVWD)
89142,Las Vegas Valley Water District (LVVWD)
89143,Las Vegas Valley Water District (LVVWD)
89144,Las Vegas Valley Water District (LVVWD)
89145,Las Vegas Valley Water District (LVVWD)
89146,Las Vegas Valley Water District (LVVWD)
89147,Las Vegas Valley Water District (LVVWD)
89148,Las Vegas Valley Water District (LVVWD)
89149,Las Vegas Valley Water District (LVVWD)
89150,Las Vegas Valley Water District (LVVWD)
89151,Las Vegas Valley Water District (LVVWD)
89152,Las Vegas Valley Water District (LVVWD)
89153,Las Vegas Valley Water District (LVVWD)
89154,Las Vegas Valley Water District (LVVWD)
89155,Las Vegas Valley Water District (LVVWD)
89156,Las Vegas Valley Water District (LVVWD)
89157,Las Vegas Valley Water District (LVVWD)
89158,Las Vegas Valley Water District (LVVWD)
89159,Las Vegas Valley Water District (LVVWD)
89160,Las Vegas Valley Water District (LVVWD)
89161,Las Vegas Valley Water District (LVVWD)
89162,Las Vegas Valley Water District (LVVWD)
89163,Las Vegas Valley Water District (LVVWD)
89164,Las Vegas Valley Water District (LVVWD)
89165,Las Vegas Valley Water District (LVVWD)
89166,Las Vegas Valley Water District (LVVWD)
89167,Las Vegas Valley Water District (LVVWD)
89168,Las Vegas Valley Water District (LVVWD)
89169,Las Vegas Valley Water District (LVVWD)
89170,Las Vegas Valley Water District (LVVWD)
89171,Las Vegas Valley Water District (LVVWD)
89172,Las Vegas Valley Water District (LVVWD)
89173,Las Vegas Valley Water District (LVVWD)
89174,Las Vegas Valley Water District (LVVWD)
89175,Las Vegas Valley Water District (LVVWD)
89176,Las Vegas Valley Water District (LVVWD)
89177,Las Vegas Valley Water District (LVVWD)
89178,Las Vegas Valley Water District (LVVWD)
89179,Las Vegas Valley Water District (LVVWD)
89180,Las Vegas Valley Water District (LVVWD)
89181,Las Vegas Valley Water District (LVVWD)
89182,Las Vegas Valley Water District (LVVWD)
89183,Las Vegas Valley Water District (LVVWD)
89184,Las Vegas Valley Water District (LVVWD)
89185,Las Vegas Valley Water District (LVVWD)
89186,Las Vegas Valley Water District (LVVWD)
89187,Las Vegas Valley Water District (LVVWD)
89188,Las Vegas Valley Water District (LVVWD)
89189,Las Vegas Valley Water District (LVVWD)
89190,Las Vegas Valley Water District (LVVWD)
89191,Las Vegas Valley Water District (LVVWD)
89192,Las Vegas Valley Water District (LVVWD)
89193,Las Vegas Valley Water District (LVVWD)
89194,Las Vegas Valley Water District (LVVWD)
89195,Las Vegas Valley Water District (LVVWD)
89196,Las Vegas Valley Water District (LVVWD)
89197,Las Vegas Valley Water District (LVVWD)
89198,Las Vegas Valley Water District (LVVWD)
89199,Las Vegas Valley Water District (LVVWD)
90001,Los Angeles (LADWP)
90002,Los Angeles (LADWP)
90003,Los Angeles (LADWP)
90004,Los Angeles (LADWP)
90005,Los Angeles (LADWP)
90006,Los Angeles (LADWP)
90007,Los Angeles (LADWP)
90008,Los Angeles (LADWP)
90009,Los Angeles (LADWP)
90010,Los Angeles (LADWP)
90011,Los Angeles (LADWP)
90012,Los Angeles (LADWP)
90013,Los Angeles (LADWP)
90014,Los Angeles (LADWP)
90015,Los Angeles (LADWP)
90016,Los Angeles (LADWP)
90017,Los Angeles (LADWP)
90018,Los Angeles (LADWP)
90019,Los Angeles (LADWP)
90020,Los Angeles (LADWP)
90021,Los Angeles (LADWP)
90022,Los Angeles (LADWP)
90023,Los Angeles (LADWP)
90024,Los Angeles (LADWP)
90025,Los Angeles (LADWP)
90026,Los Angeles (LADWP)
90027,Los Angeles (LADWP)
90028,Los Angeles (LADWP)
90029,Los Angeles (LADWP)
90030,Los Angeles (LADWP)
90031,Los Angeles (LADWP)
90032,Los Angeles (LADWP)
90033,Los Angeles (LADWP)
90034,Los Angeles (LADWP)
90035,Los Angeles (LADWP)
90036,Los Angeles (LADWP)
90037,Los Angeles (LADWP)
90038,Los Angeles (LADWP)
90039,Los Angeles (LADWP)
90040,Los Angeles (LADWP)
90041,Los Angeles (LADWP)
90042,Los Angeles (LADWP)
90043,Los Angeles (LADWP)
90044,Los Angeles (LADWP)
90045,Los Angeles (LADWP)
90046,Los Angeles (LADWP)
90047,Los Angeles (LADWP)
90048,Los Angeles (LADWP)
90049,Los Angeles (LADWP)
90050,Los Angeles (LADWP)
90051,Los Angeles (LADWP)
90052,Los Angeles (LADWP)
90053,Los Angeles (LADWP)
90054,Los Angeles (LADWP)
90055,Los Angeles (LADWP)
90056,Los Angeles (LADWP)
90057,Los Angeles (LADWP)
90058,Los Angeles (LADWP)
90059,Los Angeles (LADWP)
90060,Los Angeles (LADWP)
90061,Los Angeles (LADWP)
90062,Los Angeles (LADWP)
90063,Los Angeles (LADWP)
90064,Los Angeles (LADWP)
90065,Los Angeles (LADWP)
90066,Los Angeles (LADWP)
90067,Los Angeles (LADWP)
90068,Los Angeles (LADWP)
90069,Los Angeles (LADWP)
90070,Los Angeles (LADWP)
90071,Los Angeles (LADWP)
90072,Los Angeles (LADWP)
90073,Los Angeles (LADWP)
90074,Los Angeles (LADWP)
90075,Los Angeles (LADWP)
90076,Los Angeles (LADWP)
90077,Los Angeles (LADWP)
90078,Los Angeles (LADWP)
90079,Los Angeles (LADWP)
90080,Los Angeles (LADWP)
90081,Los Angeles (LADWP)
90082,Los Angeles (LADWP)
90083,Los Angeles (LADWP)
90084,Los Angeles (LADWP)
90085,Los Angeles (LADWP)
90086,Los Angeles (LADWP)
90087,Los Angeles (LADWP)
90088,Los Angeles (LADWP)
90089,Los Angeles (LADWP)
90090,Los Angeles (LADWP)
90091,Los Angeles (LADWP)
90092,Los Angeles (LADWP)
90093,Los Angeles (LADWP)
90094,Los Angeles (LADWP)
90095,Los Angeles (LADWP)
90096,Los Angeles (LADWP)
90097,Los Angeles (LADWP)
90098,Los Angeles (LADWP)
90099,Los Angeles (LADWP)
92101,San Diego (City of)
92102,San Diego (City of)
92103,San Diego (City of)
92104,San Diego (City of)
92105,San Diego (City of)
92106,San Diego (City of)
92107,San Diego (City of)
92108,San Diego (City of)
92109,San Diego (City of)
92110,San Diego (City of)
92111,San Diego (City of)
92112,San Diego (City of)
92113,San Diego (City of)
92114,San Diego (City of)
92115,San Diego (City of)
92116,San Diego (City of)
92117,San Diego (City of)
92118,San Diego (City of)
92119,San Diego (City of)
92120,San Diego (City of)
92121,San Diego (City of)
92122,San Diego (City of)
92123,San Diego (City of)
92124,San Diego (City of)
92125,San Diego (City of)
92126,San Diego (City of)
92127,San Diego (City of)
92128,San Diego (City of)
92129,San Diego (City of)
92130,San Diego (City of)
92131,San Diego (City of)
92132,San Diego (City of)
92133,San Diego (City of)
92134,San Diego (City of)
92135,San Diego (City of)
92136,San Diego (City of)
92137,San Diego (City of)
92138,San Diego (City of)
92139,San Diego (City of)
92140,San Diego (City of)
92141,San Diego (City of)
92142,San Diego (City of)
92143,San Diego (City of)
92144,San Diego (City of)
92145,San Diego (City of)
92146,San Diego (City of)
92147,San Diego (City of)
92148,San Diego (City of)
92149,San Diego (City of)
92150,San Diego (City of)
92151,San Diego (City of)
92152,San Diego (City of)
92153,San Diego (City of)
92154,San Diego (City of)
92155,San Diego (City of)
92156,San Diego (City of)
92157,San Diego (City of)
92158,San Diego (City of)
92159,San Diego (City of)
92160,San Diego (City of)
92161,San Diego (City of)
92162,San Diego (City of)
92163,San Diego (City of)
92164,San Diego (City of)
92165,San Diego (City of)
92166,San Diego (City of)
92167,San Diego (City of)
92168,San Diego (City of)
92169,San Diego (City of)
92170,San Diego (City of)
92171,San Diego (City of)
92172,San Diego (City of)
92173,San Diego (City of)
92174,San Diego (City of)
92175,San Diego (City of)
92176,San Diego (City of)
92177,San Diego (City of)
92178,San Diego (City of)
92179,San Diego (City of)
92180,San Diego (City of)
92181,San Diego (City of)
92182,San Diego (City of)
92183,San Diego (City of)
92184,San Diego (City of)
92185,San Diego (City of)
92186,San Diego (City of)
92187,San Diego (City of)
92188,San Diego (City of)
92189,San Diego (City of)
92190,San Diego (City of)
92191,San Diego (City of)
92192,San Diego (City of)
92193,San Diego (City of)
92194,San Diego (City of)
92195,San Diego (City of)
92196,San Diego (City of)
92197,San Diego (City of)
92198,San Diego (City of)
92199,San Diego (City of)
94501,EBMUD (East Bay MUD)
94502,EBMUD (East Bay MUD)
94530,EBMUD (East Bay MUD)
94549,EBMUD (East Bay MUD)
94563,EBMUD (East Bay MUD)
94564,EBMUD (East Bay MUD)
94601,EBMUD (East Bay MUD)
94602,EBMUD (East Bay MUD)
94603,EBMUD (East Bay MUD)
94604,EBMUD (East Bay MUD)
94605,EBMUD (East Bay MUD)
94606,EBMUD (East Bay MUD)
94607,EBMUD (East Bay MUD)
94608,EBMUD (East Bay MUD)
94609,EBMUD (East Bay MUD)
94610,EBMUD (East Bay MUD)
94611,EBMUD (East Bay MUD)
94612,EBMUD (East Bay MUD)
94613,EBMUD (East Bay MUD)
94614,EBMUD (East Bay MUD)
94615,EBMUD (East Bay MUD)
94616,EBMUD (East Bay MUD)
94617,EBMUD (East Bay MUD)
94618,EBMUD (East Bay MUD)
94619,EBMUD (East Bay MUD)
94620,EBMUD (East Bay MUD)
94621,EBMUD (East Bay MUD)
94702,EBMUD (East Bay MUD)
94703,EBMUD (East Bay MUD)
94704,EBMUD (East Bay MUD)
94705,EBMUD (East Bay MUD)
94706,EBMUD (East Bay MUD)
94707,EBMUD (East Bay MUD)
94708,EBMUD (East Bay MUD)
94709,EBMUD (East Bay MUD)
94710,EBMUD (East Bay MUD)
94801,EBMUD (East Bay MUD)
94802,EBMUD (East Bay MUD)
94803,EBMUD (East Bay MUD)
94804,EBMUD (East Bay MUD)
94805,EBMUD (East Bay MUD)
94806,EBMUD (East Bay MUD)
94807,EBMUD (East Bay MUD)
94808,EBMUD (East Bay MUD)
